id,timestamp
66,1558396800
51,1557100800
41,1556236800
31,1555372800
58,1557705600
32,1555459200
24,1554768000
9,1553472000
45,1556582400
67,1558483200
27,1555027200
52,1557187200
75,1559174400
10,1553558400
53,1557273600
65,1558310400
57,1557619200
39,1556064000
19,1554336000
30,1555286400
20,1554422400
61,1557964800
16,1554076800
43,1556409600
2,1552867200
0,1552694400
47,1556755200
44,1556496000
42,1556323200
64,1558224000
6,1553212800
62,1558051200
22,1554595200
11,1553644800
36,1555804800
3,1552953600
35,1555718400
54,1557360000
56,1557532800
40,1556150400
59,1557792000
15,1553990400
38,1555977600
23,1554681600
73,1559001600
48,1556841600
55,1557446400
12,1553731200
21,1554508800
25,1554854400
49,1556928000
76,1559260800
63,1558137600
